Order ID,amount,currency,comments
1,100,USD,order payments
2,123,EUR,order payments
3,146,SGD,order payments
4,169,INR,order payments
5,192,AUD,order payments
6,215,USD,order payments
7,238,EUR,order payments
8,261,SGD,order payments
9,284,INR,order payments
10,307,AUD,order payments
11,330,USD,order payments
12,353,EUR,order payments
13,376,SGD,order payments
14,399,INR,order payments
15,422,AUD,order payments
16,445,USD,order payments
17,468,EUR,order payments
18,491,SGD,order payments
19,514,INR,order payments
20,537,AUD,order payments
21,560,USD,order payments
22,583,EUR,order payments
23,606,SGD,order payments
24,629,INR,order payments
25,652,AUD,order payments
26,675,USD,order payments
27,698,EUR,order payments
28,721,SGD,order payments
29,744,INR,order payments
30,767,AUD,order payments
31,790,USD,order payments
32,813,EUR,order payments
33,836,SGD,order payments
34,859,INR,order payments
35,882,AUD,order payments
36,905,USD,order payments
37,928,EUR,order payments
38,951,SGD,order payments
39,974,INR,order payments
40,997,AUD,order payments
41,1020,USD,order payments
42,1043,EUR,order payments
43,1066,SGD,order payments
44,1089,INR,order payments
45,1112,AUD,order payments
46,1135,USD,order payments
47,1158,EUR,order payments
48,1181,SGD,order payments
49,1204,INR,order payments
50,1227,AUD,order payments
51,1250,USD,order payments
52,1273,EUR,order payments
53,1296,SGD,order payments
54,1319,INR,order payments
55,1342,AUD,order payments
56,1365,USD,order payments
57,1388,EUR,order payments
58,1411,SGD,order payments
59,1434,INR,order payments
60,1457,AUD,order payments
61,1480,USD,order payments
62,1503,EUR,order payments
63,1526,SGD,order payments
64,1549,INR,order payments
65,1572,AUD,order payments
66,1595,USD,order payments
67,1618,EUR,order payments
68,1641,SGD,order payments
69,1664,INR,order payments
70,1687,AUD,order payments
71,1710,USD,order payments
72,1733,EUR,order payments
73,1756,SGD,order payments
74,1779,INR,order payments
75,1802,AUD,order payments
76,1825,USD,order payments
77,1848,EUR,order payments
78,1871,SGD,order payments
79,1894,INR,order payments
80,1917,AUD,order payments
81,1940,USD,order payments
82,1963,EUR,order payments
83,1986,SGD,order payments
84,2009,INR,order payments
85,2032,AUD,order payments
86,2055,USD,order payments
87,2078,EUR,order payments
88,2101,SGD,order payments
89,2124,INR,order payments
90,2147,AUD,order payments
91,2170,USD,order payments
92,2193,EUR,order payments
93,2216,SGD,order payments
94,2239,INR,order payments
95,2262,AUD,order payments
96,2285,USD,order payments
97,2308,EUR,order payments
98,2331,SGD,order payments
99,2354,INR,order payments
100,2377,USD,order payments
